Viki.Jotham@yopmail.com,Viki,Jotham,AT10KJH
Zondra.Zamora@yopmail.com,Zondra,Zamora,AA07AMM
Amara.Wilona@yopmail.com,Amara,Wilona,AAC792H
Corry.Valoniah@yopmail.com,Corry,Valoniah,AAY452D
Maisey.Loring@yopmail.com,Maisey,Loring,AB01MFL
Gale.Engdahl@yopmail.com,Gale,Engdahl,AB14GMD
Ileana.Arley@yopmail.com,Ileana,Arley,AB15UVT
Dolli.August@yopmail.com,Dolli,August,AB19NWG
Jere.Yoko@yopmail.com,Jere,Yoko,ABV496J
Sheelagh.Dichy@yopmail.com,Sheelagh,Dichy,ABW940K
Sherrie.Roscoe@yopmail.com,Sherrie,Roscoe,ABX857D
Betta.Santoro@yopmail.com,Betta,Santoro,ABY761G
Jeanna.Gwenore@yopmail.com,Jeanna,Gwenore,AC03BXC
Carmencita.Katrine@yopmail.com,Carmencita,Katrine,AC04VYH
Carly.Moseley@yopmail.com,Carly,Moseley,AC08RRN
Sheree.Imelida@yopmail.com,Sheree,Imelida,AC15VJX
Dotty.Durware@yopmail.com,Dotty,Durware,ACD586D
Rozele.Cottle@yopmail.com,Rozele,Cottle,ACF678C
Ronna.Delacourt@yopmail.com,Ronna,Delacourt,ACH210B
Luci.Alwin@yopmail.com,Luci,Alwin,ACK119D
Agathe.McLaughlin@yopmail.com,Agathe,McLaughlin,ACR989D
Ellette.Albertine@yopmail.com,Ellette,Albertine,AD03RAM
Almeta.Ashely@yopmail.com,Almeta,Ashely,AD04RLG
Berget.Elo@yopmail.com,Berget,Elo,AD05GDL
Carmela.Kinnard@yopmail.com,Carmela,Kinnard,AD07VYV
Lucy.Kaja@yopmail.com,Lucy,Kaja,AD09KHC
Sissy.Elbertina@yopmail.com,Sissy,Elbertina,AD16LVH
Anthia.Rebecka@yopmail.com,Anthia,Rebecka,ADN691F
Roz.Dannye@yopmail.com,Roz,Dannye,ADV666G
Amelia.Nelsen@yopmail.com,Amelia,Nelsen,ADY998J
Lenna.Delila@yopmail.com,Lenna,Delila,AE03CHR
Genevra.Decato@yopmail.com,Genevra,Decato,AE03MUU
Doro.Dorine@yopmail.com,Doro,Dorine,AE09JVF
Anica.Edvard@yopmail.com,Anica,Edvard,AE10BUA
Aaren.Soneson@yopmail.com,Aaren,Soneson,AE11BUC
Norine.Tryck@yopmail.com,Norine,Tryck,AEW457H
Asia.Chandler@yopmail.com,Asia,Chandler,AF02NCK
Tori.Rosette@yopmail.com,Tori,Rosette,AF04DFE
Di.Gert@yopmail.com,Di,Gert,AF06JXP
Adelle.Georgy@yopmail.com,Adelle,Georgy,AF07YEG
Lolita.Smitt@yopmail.com,Lolita,Smitt,AFA959K
Rayna.Kravits@yopmail.com,Rayna,Kravits,AFH963K
Caressa.Delila@yopmail.com,Caressa,Delila,AFT613E
Wilma.Odysseus@yopmail.com,Wilma,Odysseus,AG14UTF
Thalia.Persse@yopmail.com,Thalia,Persse,AG19FVU
Merci.Lynn@yopmail.com,Merci,Lynn,AG20TLU
Brena.Dalli@yopmail.com,Brena,Dalli,AGN305F
Anallese.Adrienne@yopmail.com,Anallese,Adrienne,AGT954E
Emelina.Bonilla@yopmail.com,Emelina,Bonilla,AH03FKF
Melodie.Casimir@yopmail.com,Melodie,Casimir,AH15DBL
Eolanda.Chick@yopmail.com,Eolanda,Chick,AH15DUW
Dolli.Daniele@yopmail.com,Dolli,Daniele,AH15RHW
Allyce.Niccolo@yopmail.com,Allyce,Niccolo,AHD553L
Kathy.Plato@yopmail.com,Kathy,Plato,AHE235J
Mildrid.Adalbert@yopmail.com,Mildrid,Adalbert,AHK975D
Rhea.Masao@yopmail.com,Rhea,Masao,AHT217D
Regina.Emmy@yopmail.com,Regina,Emmy,AJ09YUF
Merrie.Fillbert@yopmail.com,Merrie,Fillbert,AJ15FTE
Alexine.Lutero@yopmail.com,Alexine,Lutero,AJ16XNK
Carmencita.Gino@yopmail.com,Carmencita,Gino,AJL714L
Ebonee.Bennie@yopmail.com,Ebonee,Bennie,AK09HGH
Meriel.Yerkovich@yopmail.com,Meriel,Yerkovich,AK16CRM
Hayley.Boycey@yopmail.com,Hayley,Boycey,AL02WWW
Ardeen.Fleeta@yopmail.com,Ardeen,Fleeta,AL06KYP
Melanie.Timon@yopmail.com,Melanie,Timon,AL09KKY
Joceline.Shirberg@yopmail.com,Joceline,Shirberg,AL14BMN
Karlee.Ade@yopmail.com,Karlee,Ade,AL14UCN
Glynnis.Drus@yopmail.com,Glynnis,Drus,AL18LFE
Linzy.Wesle@yopmail.com,Linzy,Wesle,AL19PBU
Iseabal.Goerke@yopmail.com,Iseabal,Goerke,ALB243L
Janeczka.Bibi@yopmail.com,Janeczka,Bibi,AM04THR
Vonny.Nester@yopmail.com,Vonny,Nester,AM05EAN
Yvonne.Valoniah@yopmail.com,Yvonne,Valoniah,AM06JVC
Chrystel.Bigner@yopmail.com,Chrystel,Bigner,AM09VFK
Di.Nisbet@yopmail.com,Di,Nisbet,AM10VGW
Inga.Carleen@yopmail.com,Inga,Carleen,AM17WKW
Jessy.Hewitt@yopmail.com,Jessy,Hewitt,AMN110E
Hayley.Vorster@yopmail.com,Hayley,Vorster,AMU913B
Marjie.Firmin@yopmail.com,Marjie,Firmin,AN01TLK
Ketti.Etom@yopmail.com,Ketti,Etom,AN02EGH
Dari.Nore@yopmail.com,Dari,Nore,AN05KTR
Dennie.Lanita@yopmail.com,Dennie,Lanita,AN11PMT
Lonnie.O'Carroll@yopmail.com,Lonnie,O'Carroll,AN17MBB
Monika.Jobi@yopmail.com,Monika,Jobi,AN19EMP
Libbie.Janith@yopmail.com,Libbie,Janith,AP04ADC
Brianna.Fancie@yopmail.com,Brianna,Fancie,AP05APE
Rubie.Bahr@yopmail.com,Rubie,Bahr,AP08GAJ
Henriette.Phaidra@yopmail.com,Henriette,Phaidra,AP14AUU
Karena.Sholley@yopmail.com,Karena,Sholley,AP18HDD
Annice.Taam@yopmail.com,Annice,Taam,AP20FYV
Sonni.Bearnard@yopmail.com,Sonni,Bearnard,APR154E
Dyann.Belanger@yopmail.com,Dyann,Belanger,AR05BGB
Heddie.Corilla@yopmail.com,Heddie,Corilla,AR09BDK
Fred.Brian@yopmail.com,Fred,Brian,AR12FUU
Consuela.Cleo@yopmail.com,Consuela,Cleo,AR16YXV
Edith.Raffo@yopmail.com,Edith,Raffo,AR20DKT
Madeleine.Ophelia@yopmail.com,Madeleine,Ophelia,ARU320G
Charmaine.Odysseus@yopmail.com,Charmaine,Odysseus,ARW101K
Jessy.Yate@yopmail.com,Jessy,Yate,AT01FFW
Lily.Yusuk@yopmail.com,Lily,Yusuk,AT06GMR